{
  "quick": {
    "endpoint": "quick",
    "iterations": 8,
    "successful_requests": 8,
    "errors": 0,
    "cache_hits": 0,
    "cache_hit_rate": 0.0,
    "min_time": 0.001293182373046875,
    "max_time": 0.015675783157348633,
    "avg_time": 0.003645271062850952,
    "median_time": 0.0019910335540771484,
    "p95_time": 0.015675783157348633,
    "under_2s": 8,
    "under_1s": 8,
    "target_compliance": 1.0
  },
  "comprehensive": {
    "endpoint": "comprehensive",
    "error": "No successful requests"
  },
  "ndvi": {
    "endpoint": "ndvi",
    "iterations": 8,
    "successful_requests": 8,
    "errors": 0,
    "cache_hits": 0,
    "cache_hit_rate": 0.0,
    "min_time": 0.002657175064086914,
    "max_time": 0.008218050003051758,
    "avg_time": 0.004174590110778809,
    "median_time": 0.003160715103149414,
    "p95_time": 0.008218050003051758,
    "under_2s": 8,
    "under_1s": 8,
    "target_compliance": 1.0
  },
  "concurrent": {
    "total_requests": 15,
    "successful_requests": 15,
    "total_time": 0.024599075317382812,
    "requests_per_second": 609.7790183763666,
    "avg_response_time": 0.007092046737670899,
    "max_response_time": 0.010187864303588867,
    "target_compliance": 1.0,
    "cache_hits": 0,
    "cache_hit_rate": 0.0
  },
  "cache_effectiveness": {
    "first_request_time": 0.0034520626068115234,
    "second_request_time": 0.003875732421875,
    "third_request_time": 0.0036809444427490234,
    "cache_speedup": 0.8906865157480315,
    "consistent_caching": true,
    "all_successful": true
  },
  "cache_stats": {
    "cache_performance": {
      "hit_rate": 0.7580645161290323,
      "total_requests": 124,
      "cache_hits": 94,
      "cache_misses": 30,
      "cache_size": 30,
      "avg_response_time_ms": 0.009777084473640688,
      "memory_entries": 30,
      "cache_types": {
        "weather": 5,
        "soil": 5,
        "ndvi": 5,
        "ml_prediction": 15
      }
    },
    "optimization_status": "active",
    "target_response_time": "<2s",
    "cache_policies": {
      "weather": "6 hours TTL",
      "soil": "permanent",
      "ndvi": "7 days TTL",
      "ml_prediction": "1 hour TTL"
    }
  }
}